Date,Name,Year,Letterboxd URI
2025-11-17,The SpongeBob SquarePants Movie,2004,https://boxd.it/1SYq
2025-11-17,Chicken Little,2005,https://boxd.it/1Xnu
2025-11-17,Madagascar: Escape 2 Africa,2008,https://boxd.it/1W2K
2025-11-17,Five Nights at Freddy's,2023,https://boxd.it/ikHu
2025-11-17,The Thing,1982,https://boxd.it/294O
2025-11-17,Rise of the Planet of the Apes,2011,https://boxd.it/cS4
2025-11-17,Squid Game,2021,https://boxd.it/x1OG
2025-11-17,The Super Mario Bros. Movie,2023,https://boxd.it/i8C8
2025-11-17,Ghostbusters,1984,https://boxd.it/g2w
2025-11-17,It Chapter Two,2019,https://boxd.it/h10u
2025-11-17,Men in Black,1997,https://boxd.it/2a0I
2025-11-17,Puss in Boots: The Last Wish,2022,https://boxd.it/aaie
2025-11-17,Venom,2018,https://boxd.it/b8wA
2025-11-17,The Lego Movie,2014,https://boxd.it/4pDO
2025-11-17,Black Widow,2021,https://boxd.it/hWV8
2025-11-17,Wreck-It Ralph,2012,https://boxd.it/2TTS
2025-11-17,The Great Gatsby,2013,https://boxd.it/JY
2025-11-17,GoodFellas,1990,https://boxd.it/29FA
2025-11-17,Frozen,2013,https://boxd.it/3GNa
2025-11-17,Captain Marvel,2019,https://boxd.it/9vSA
2025-11-17,Suicide Squad,2016,https://boxd.it/9row
2025-11-17,Iron Man 3,2013,https://boxd.it/2cBQ
2025-11-17,Iron Man 2,2010,https://boxd.it/1WZM
2025-11-17,Thor,2011,https://boxd.it/1WQU
2025-11-17,Ant-Man,2015,https://boxd.it/3vmW
2025-11-17,Captain America: The First Avenger,2011,https://boxd.it/28b0
2025-11-17,The Godfather,1972,https://boxd.it/2aNK
2025-11-17,Scarface,1983,https://boxd.it/2b7g
2025-11-17,The Gentlemen,2019,https://boxd.it/iYBQ
2025-11-17,Chainsaw Man – The Movie: Reze Arc,2025,https://boxd.it/Kgyu
2025-11-17,Oppenheimer,2023,https://boxd.it/wUow
2025-11-17,Fist of Fury,1972,https://boxd.it/1TaG
2025-11-17,Illustrious Corpses,1976,https://boxd.it/asy
2025-11-17,Friday,1995,https://boxd.it/1VLO
2025-11-17,The Godfather Part II,1974,https://boxd.it/2aNq
2025-11-17,The Godfather Part III,1990,https://boxd.it/2aN6
2025-11-17,Iron Man,2008,https://boxd.it/28dA
2025-11-23,Eenie Meanie,2025,https://boxd.it/HxdC
2025-11-23,Saw,2004,https://boxd.it/2aWW
2025-11-23,Saw II,2005,https://boxd.it/2aRs
2025-11-23,Saw III,2006,https://boxd.it/2aRC
2025-11-24,Saw X,2023,https://boxd.it/zUWk
2025-11-27,Tenet,2020,https://boxd.it/leq4
2025-11-28,Upgrade,2018,https://boxd.it/i4gW
2025-11-28,Predestination,2014,https://boxd.it/6bJM
2025-11-28,Dredd,2012,https://boxd.it/GZE
2025-11-29,The Northman,2022,https://boxd.it/nK2s
2025-11-29,Attack the Block,2011,https://boxd.it/hFO
2025-11-29,Snowpiercer,2013,https://boxd.it/3Icg
2025-11-29,The Guest,2014,https://boxd.it/76RS
2025-11-29,Crank,2006,https://boxd.it/27MY
2025-11-30,Sunshine,2007,https://boxd.it/28Xy
2025-11-30,The Martian,2015,https://boxd.it/8SeG
2025-11-30,Ex Machina,2015,https://boxd.it/7T2k
2025-12-01,Pacific Rim,2013,https://boxd.it/2cB2
2025-12-03,Arrival,2016,https://boxd.it/aNGk
2025-12-03,The Big Short,2015,https://boxd.it/ajZw
2025-12-06,Five Nights at Freddy's 2,2025,https://boxd.it/KEvY
2025-12-06,Turbo,2013,https://boxd.it/2Hzw
2025-12-06,Deadpool & Wolverine,2024,https://boxd.it/jq8s
2025-12-06,Shang-Chi and the Legend of the Ten Rings,2021,https://boxd.it/kLDI
2025-12-06,Hamilton,2020,https://boxd.it/kmvE
2025-12-06,Gran Turismo,2023,https://boxd.it/B2lS
2025-12-06,The Midnight Sky,2020,https://boxd.it/mK6C
2025-12-14,Boss Level,2021,https://boxd.it/iAkw
2025-12-15,Nobody,2021,https://boxd.it/mLqS
2025-12-15,Nobody 2,2025,https://boxd.it/C5Lc
2025-12-15,Project Power,2020,https://boxd.it/ml8S
2025-12-31,Hardcore Henry,2015,https://boxd.it/aAIM
2025-12-31,Edge of Tomorrow,2014,https://boxd.it/4pD0
2025-12-31,District 9,2009,https://boxd.it/1Iik
2026-01-01,Oblivion,2013,https://boxd.it/2Bzq
2026-01-01,Source Code,2011,https://boxd.it/fdo
2026-01-01,Pixels,2015,https://boxd.it/7BaA
2026-01-02,Wake Up Dead Man,2025,https://boxd.it/uAKS
2026-01-19,The Rip,2026,https://boxd.it/NP5y
2026-01-19,Chappie,2015,https://boxd.it/5Y3e
2026-01-19,Drive,2011,https://boxd.it/IG
2026-04-11,The Secret Life of Walter Mitty,2013,https://boxd.it/3SWy
2026-04-11,Elysium,2013,https://boxd.it/2cBm
2026-04-11,The Invisible Guest,2016,https://boxd.it/euce
2026-04-12,The Beta Test,2021,https://boxd.it/sa0g
2026-04-12,Moon,2009,https://boxd.it/1IGQ
2026-04-12,Blue Ruin,2013,https://boxd.it/5H8G
2026-04-12,Looper,2012,https://boxd.it/ham
2026-04-12,Notes on a Scandal,2006,https://boxd.it/28Zu
2026-04-13,Talk to Me,2022,https://boxd.it/C6uQ
2026-04-13,I Saw the Devil,2010,https://boxd.it/FaK
2026-04-13,Sicario,2015,https://boxd.it/8i7u
2026-04-27,Project Hail Mary,2026,https://boxd.it/pEeQ
2026-04-29,Marty Supreme,2025,https://boxd.it/Off0
2026-04-29,War Machine,2026,https://boxd.it/MePC
2026-04-29,Titane,2021,https://boxd.it/nlQC
2026-04-30,The Creator,2023,https://boxd.it/oXWq
2026-05-02,Event Horizon,1997,https://boxd.it/20d8
2026-05-02,Grave Encounters,2011,https://boxd.it/D1G
2026-05-03,Independence Day,1996,https://boxd.it/2a1w
